Project Name,Project Description,Project Owner Email,Task Title,Task Description,Status,Priority,Assignee Email,Due Date,Start Date
"One Customer ID รวมข้อมูลลูกค้าทุกช่องทางให้เป็นข้อมูลกลางเดียว","รวบรวมข้อมูลลูกค้าทั้งหมดให้อยู่ในศูนย์กลางเดียว และให้ทุกระบบที่เกี่ยวข้องดึงข้อมูลจากแหล่งเดียวกัน เพื่อให้ข้อมูลมีความถูกต้องและสอดคล้องกันทั่วทั้งองค์กร พร้อมรองรับการมองข้อมูลลูกค้าในทุกมิติ ไม่ว่าจะเป็นกิจกรรมที่เกิดขึ้นระหว่างลูกค้ากับบริษัท ประวัติการซื้อสินค้าและการใช้บริการ ตลอดจนข้อมูลการอยู่อาศัย เพื่อให้การใช้งานข้อมูลลูกค้ามีประสิทธิภาพสูงสุด และช่วยให้บริษัทสามารถวิเคราะห์และพัฒนาธุรกิจ รวมถึงบริการให้ตอบโจทย์ลูกค้าได้ดียิ่งขึ้น",tharab@sena.co.th,"Master Customer Profiles เพื่อรวมทุกตัวตนของลูกค้า ที่มีการติดต่อมาจากทุกช่องทาง (โทร, LINE, Facebook, ฟอร์ม, REM, REMLivNex, REM RentNex) ให้สามารถระบุได้ว่าเป็นลูกค้าคนเดียวกันหรือไม่ ถ้าใช่ข้อมูลจะถูกรวมกันเป็นก้อนเดียว เพื่อให้ระบบอื่น ๆ นำไปใช้ต่อ","SaleKit : Customer Single View – รวมข้อมูลลูกค้าทั้งหมดไว้ในหน้าเดียว ให้เห็นตัวตน ประวัติ และกิจกรรมแบบครบถ้วน",TODO,MEDIUM,tharab@sena.co.th,2026-03-31,
"One Customer ID รวมข้อมูลลูกค้าทุกช่องทางให้เป็นข้อมูลกลางเดียว","รวบรวมข้อมูลลูกค้าทั้งหมดให้อยู่ในศูนย์กลางเดียว และให้ทุกระบบที่เกี่ยวข้องดึงข้อมูลจากแหล่งเดียวกัน เพื่อให้ข้อมูลมีความถูกต้องและสอดคล้องกันทั่วทั้งองค์กร พร้อมรองรับการมองข้อมูลลูกค้าในทุกมิติ ไม่ว่าจะเป็นกิจกรรมที่เกิดขึ้นระหว่างลูกค้ากับบริษัท ประวัติการซื้อสินค้าและการใช้บริการ ตลอดจนข้อมูลการอยู่อาศัย เพื่อให้การใช้งานข้อมูลลูกค้ามีประสิทธิภาพสูงสุด และช่วยให้บริษัทสามารถวิเคราะห์และพัฒนาธุรกิจ รวมถึงบริการให้ตอบโจทย์ลูกค้าได้ดียิ่งขึ้น",tharab@sena.co.th,"Customer Data Integration เชื่อมโยงข้อมูลลูกค้าจากทุกแหล่งข้อมูลเข้ามาเก็บไว้ที่ส่วนกลางโดยอัตโนมัติ ให้ทุกระบบงานที่เกี่ยวข้องกับลูกค้าดึงใช้ข้อมูลกลางเดียวกันอย่างถูกต้องและสอดคล้องกัน","Leads Follow-up System & WeCare SmartifyHome – ทุกระบบต้องดึงและแสดง Customer Single View เดียวกัน เพื่อให้ข้อมูลสอดคล้องทั่วทั้งองค์กร",TODO,MEDIUM,tharab@sena.co.th,2026-06-30,
"One Customer ID รวมข้อมูลลูกค้าทุกช่องทางให้เป็นข้อมูลกลางเดียว","รวบรวมข้อมูลลูกค้าทั้งหมดให้อยู่ในศูนย์กลางเดียว และให้ทุกระบบที่เกี่ยวข้องดึงข้อมูลจากแหล่งเดียวกัน เพื่อให้ข้อมูลมีความถูกต้องและสอดคล้องกันทั่วทั้งองค์กร พร้อมรองรับการมองข้อมูลลูกค้าในทุกมิติ ไม่ว่าจะเป็นกิจกรรมที่เกิดขึ้นระหว่างลูกค้ากับบริษัท ประวัติการซื้อสินค้าและการใช้บริการ ตลอดจนข้อมูลการอยู่อาศัย เพื่อให้การใช้งานข้อมูลลูกค้ามีประสิทธิภาพสูงสุด และช่วยให้บริษัทสามารถวิเคราะห์และพัฒนาธุรกิจ รวมถึงบริการให้ตอบโจทย์ลูกค้าได้ดียิ่งขึ้น",tharab@sena.co.th,"ใช้ AI วิเคราะห์พฤติกรรมลูกค้าแบบเชิงลึก จากข้อมูลการติดต่อ การสื่อสาร และการใช้บริการ เพื่อสนับสนุนการตัดสินใจและพัฒนาบริการให้ตรงความต้องการลูกค้ามากที่สุด","สร้างระบบฐานข้อมูลสำหรับเก็บ AI - Customer Analysis System (แสดงผลการวิเคราะห์ข้อมูลการติดต่อในหมวดต่างดังนี้ โอกาศทางการขาย , ความชอบ ไม่ขอบ บ้านที่เรานำเสนอ",TODO,MEDIUM,tharab@sena.co.th,2026-06-30,
"One Customer ID รวมข้อมูลลูกค้าทุกช่องทางให้เป็นข้อมูลกลางเดียว","รวบรวมข้อมูลลูกค้าทั้งหมดให้อยู่ในศูนย์กลางเดียว และให้ทุกระบบที่เกี่ยวข้องดึงข้อมูลจากแหล่งเดียวกัน เพื่อให้ข้อมูลมีความถูกต้องและสอดคล้องกันทั่วทั้งองค์กร พร้อมรองรับการมองข้อมูลลูกค้าในทุกมิติ ไม่ว่าจะเป็นกิจกรรมที่เกิดขึ้นระหว่างลูกค้ากับบริษัท ประวัติการซื้อสินค้าและการใช้บริการ ตลอดจนข้อมูลการอยู่อาศัย เพื่อให้การใช้งานข้อมูลลูกค้ามีประสิทธิภาพสูงสุด และช่วยให้บริษัทสามารถวิเคราะห์และพัฒนาธุรกิจ รวมถึงบริการให้ตอบโจทย์ลูกค้าได้ดียิ่งขึ้น",tharab@sena.co.th,"Customer Single View ระบบที่รวมข้อมูลลูกค้าจากทุกช่องทางให้เป็นภาพเดียว ทำให้ทุกฝ่ายในองค์กรเห็นข้อมูลชุดเดียวกันแบบครบทุกมุมมอง 360 องศา ลดปัญหาข้อมูลไม่ตรงกันและลดเวลาทำงานซ้ำซ้อนอย่างมาก ช่วยให้ฝ่ายขาย–บริการ–โครงการดูแลลูกค้าได้ถูกต้องและแม่นยำขึ้น ส่งผลให้ลูกค้าประทับใจและปิดการขายง่ายขึ้น นอกจากนี้ยังเป็นฐานสำคัญสำหรับการพัฒนา AI วิเคราะห์พฤติกรรมลูกค้าและคาดการณ์โอกาสขายในอนาคต","ปรับปรุงระบบงานเดิม LivNex,RentNex ให้สามารถเรียกดู Customer single View ได้",TODO,MEDIUM,tharab@sena.co.th,2026-06-30,
"Digital Sales & Marketing Platform ระบบสำหรับ","พัฒนาหรือจัดหาระบบติดต่อแบบ Omni-Channel (Chat, โทร, Line OA, แอป, Webform) ทำให้ลูกค้าติดต่อ SENA ได้ทุกช่องทางแต่ข้อมูลรวมศูนย์อยู่ที่เดียว ลดปัญหาที่ลูกค้าต้องให้ข้อมูลซ้ำและช่วยให้ทีมงานเห็นประวัติการสนทนาแบบครบถ้วนไม่ว่ามาจากช่องไหน ทำให้ตอบกลับได้เร็วขึ้นและสม่ำเสมอทุกช่องทาง เพิ่มความพึงพอใจและโอกาสปิดการขายอย่างมีนัยสำคัญ อีกทั้งข้อมูลการสื่อสารทั้งหมดจะถูกเชื่อมเข้าสู่ Customer Single View ทำให้ผู้บริหารวิเคราะห์คุณภาพบริการและประสิทธิภาพทีมงานได้แบบ Real-time.",tharab@sena.co.th,"พัฒนาหรือจัดหาระบบติดต่อแบบ Omni-Channel (Chat, โทร, Line OA, แอป, Webform)","ได้ Vendor พัฒนา Sena 360. และ เริ่มพัฒนา",TODO,MEDIUM,tharab@sena.co.th,2026-03-31,
"Digital Sales & Marketing Platform ระบบสำหรับ","พัฒนาหรือจัดหาระบบติดต่อแบบ Omni-Channel (Chat, โทร, Line OA, แอป, Webform) ทำให้ลูกค้าติดต่อ SENA ได้ทุกช่องทางแต่ข้อมูลรวมศูนย์อยู่ที่เดียว ลดปัญหาที่ลูกค้าต้องให้ข้อมูลซ้ำและช่วยให้ทีมงานเห็นประวัติการสนทนาแบบครบถ้วนไม่ว่ามาจากช่องไหน ทำให้ตอบกลับได้เร็วขึ้นและสม่ำเสมอทุกช่องทาง เพิ่มความพึงพอใจและโอกาสปิดการขายอย่างมีนัยสำคัญ อีกทั้งข้อมูลการสื่อสารทั้งหมดจะถูกเชื่อมเข้าสู่ Customer Single View ทำให้ผู้บริหารวิเคราะห์คุณภาพบริการและประสิทธิภาพทีมงานได้แบบ Real-time.",tharab@sena.co.th,"เชื่อมโยงข้อมูลการติดต่อกับลูกค้าทั้งหมดเข้าระบบงานที่เกี่ยวข้อง เช่น REM เพื่อเป็นข้อมูลสำหรับการวิเคราะห์ใช้งาน เพิ่มโอกาศทางการขาย","ได้ Vendor พัฒนา Sena 360. และ เริ่มพัฒนา",TODO,MEDIUM,tharab@sena.co.th,2026-06-30,
"Digital Sales & Marketing Platform ระบบสำหรับ","พัฒนาหรือจัดหาระบบติดต่อแบบ Omni-Channel (Chat, โทร, Line OA, แอป, Webform) ทำให้ลูกค้าติดต่อ SENA ได้ทุกช่องทางแต่ข้อมูลรวมศูนย์อยู่ที่เดียว ลดปัญหาที่ลูกค้าต้องให้ข้อมูลซ้ำและช่วยให้ทีมงานเห็นประวัติการสนทนาแบบครบถ้วนไม่ว่ามาจากช่องไหน ทำให้ตอบกลับได้เร็วขึ้นและสม่ำเสมอทุกช่องทาง เพิ่มความพึงพอใจและโอกาสปิดการขายอย่างมีนัยสำคัญ อีกทั้งข้อมูลการสื่อสารทั้งหมดจะถูกเชื่อมเข้าสู่ Customer Single View ทำให้ผู้บริหารวิเคราะห์คุณภาพบริการและประสิทธิภาพทีมงานได้แบบ Real-time.",tharab@sena.co.th,"Real-time Dashboard สำหรับการตอบคำถามลูกค้าผ่าน Chat","ได้ Vendor พัฒนา Sena 360. และ เริ่มพัฒนา",TODO,MEDIUM,tharab@sena.co.th,2026-06-30,
"Digital Sales & Marketing Platform ระบบสำหรับ","พัฒนาหรือจัดหาระบบติดต่อแบบ Omni-Channel (Chat, โทร, Line OA, แอป, Webform) ทำให้ลูกค้าติดต่อ SENA ได้ทุกช่องทางแต่ข้อมูลรวมศูนย์อยู่ที่เดียว ลดปัญหาที่ลูกค้าต้องให้ข้อมูลซ้ำและช่วยให้ทีมงานเห็นประวัติการสนทนาแบบครบถ้วนไม่ว่ามาจากช่องไหน ทำให้ตอบกลับได้เร็วขึ้นและสม่ำเสมอทุกช่องทาง เพิ่มความพึงพอใจและโอกาสปิดการขายอย่างมีนัยสำคัญ อีกทั้งข้อมูลการสื่อสารทั้งหมดจะถูกเชื่อมเข้าสู่ Customer Single View ทำให้ผู้บริหารวิเคราะห์คุณภาพบริการและประสิทธิภาพทีมงานได้แบบ Real-time.",tharab@sena.co.th,"พัฒนา AI-Agent สำหรับช่วยพนักงานตอบคำถามลูกค้าผ่านช่องทางการ Chat โดยจะเริ่มจากคำถามง่ายๆ เช่นการขอ location, การนัดหมาย , การสอบถาม Promotion มาตรฐาน","ได้ Vendor พัฒนา Sena 360. และ เริ่มพัฒนา",TODO,MEDIUM,tharab@sena.co.th,2026-06-30,
"Digital Sales & Marketing Platform ระบบสำหรับ","พัฒนาหรือจัดหาระบบติดต่อแบบ Omni-Channel (Chat, โทร, Line OA, แอป, Webform) ทำให้ลูกค้าติดต่อ SENA ได้ทุกช่องทางแต่ข้อมูลรวมศูนย์อยู่ที่เดียว ลดปัญหาที่ลูกค้าต้องให้ข้อมูลซ้ำและช่วยให้ทีมงานเห็นประวัติการสนทนาแบบครบถ้วนไม่ว่ามาจากช่องไหน ทำให้ตอบกลับได้เร็วขึ้นและสม่ำเสมอทุกช่องทาง เพิ่มความพึงพอใจและโอกาสปิดการขายอย่างมีนัยสำคัญ อีกทั้งข้อมูลการสื่อสารทั้งหมดจะถูกเชื่อมเข้าสู่ Customer Single View ทำให้ผู้บริหารวิเคราะห์คุณภาพบริการและประสิทธิภาพทีมงานได้แบบ Real-time.",tharab@sena.co.th,"พัฒนาระบบเชื่อมโยงข้อมูลจาก REM ไปยัง Meta ผ่าน Conversion API เพื่อส่งข้อมูลเหตุการณ์สำคัญในกระบวนการขายบ้านแบบอัตโนมัติ โดยใช้ข้อมูลสถานะและคุณภาพ Lead จาก REM ในการคัดกรองและส่งสัญญาณกลับให้ Meta เรียนรู้กลุ่มลูกค้าที่มีโอกาสซื้อจริง พร้อมพัฒนา Dashboard สำหรับติดตามคุณภาพ Lead และประสิทธิภาพโฆษณา เพื่อนำไปปรับกลยุทธ์อย่างต่อเนื่อง","",TODO,MEDIUM,tharab@sena.co.th,2026-09-30,
"Digital Sales & Marketing Platform ระบบสำหรับ","พัฒนาหรือจัดหาระบบติดต่อแบบ Omni-Channel (Chat, โทร, Line OA, แอป, Webform) ทำให้ลูกค้าติดต่อ SENA ได้ทุกช่องทางแต่ข้อมูลรวมศูนย์อยู่ที่เดียว ลดปัญหาที่ลูกค้าต้องให้ข้อมูลซ้ำและช่วยให้ทีมงานเห็นประวัติการสนทนาแบบครบถ้วนไม่ว่ามาจากช่องไหน ทำให้ตอบกลับได้เร็วขึ้นและสม่ำเสมอทุกช่องทาง เพิ่มความพึงพอใจและโอกาสปิดการขายอย่างมีนัยสำคัญ อีกทั้งข้อมูลการสื่อสารทั้งหมดจะถูกเชื่อมเข้าสู่ Customer Single View ทำให้ผู้บริหารวิเคราะห์คุณภาพบริการและประสิทธิภาพทีมงานได้แบบ Real-time.",tharab@sena.co.th,"Referral Web Applicaton ให้เป็น Public Agent portal ให้ใครก็ได้มาลงทะเบียนเป็นตัวแทนขายได้","",TODO,MEDIUM,tharab@sena.co.th,2026-06-30,
"Digital Sales & Marketing Platform ระบบสำหรับ","พัฒนาหรือจัดหาระบบติดต่อแบบ Omni-Channel (Chat, โทร, Line OA, แอป, Webform) ทำให้ลูกค้าติดต่อ SENA ได้ทุกช่องทางแต่ข้อมูลรวมศูนย์อยู่ที่เดียว ลดปัญหาที่ลูกค้าต้องให้ข้อมูลซ้ำและช่วยให้ทีมงานเห็นประวัติการสนทนาแบบครบถ้วนไม่ว่ามาจากช่องไหน ทำให้ตอบกลับได้เร็วขึ้นและสม่ำเสมอทุกช่องทาง เพิ่มความพึงพอใจและโอกาสปิดการขายอย่างมีนัยสำคัญ อีกทั้งข้อมูลการสื่อสารทั้งหมดจะถูกเชื่อมเข้าสู่ Customer Single View ทำให้ผู้บริหารวิเคราะห์คุณภาพบริการและประสิทธิภาพทีมงานได้แบบ Real-time.",tharab@sena.co.th,"CR - SENA 360 ให้เป็น Agent Mobile Portal","",TODO,MEDIUM,tharab@sena.co.th,2026-12-31,
"30-Day Execution Tracking วงจรประสิทธิภาพ 30 วัน","พัฒนาระบบ IT เพื่อรองรับการดำเนินงานตามวงจรประสิทธิภาพ 30 วัน ที่เชื่อมโยงกระบวนการทำงานตั้งแต่การจองบ้านไปจนถึงการโอนกรรมสิทธิ์แบบ End-to-End รวมข้อมูลและ Workflow จากหลายฝ่ายงานให้ทำงานบนข้อมูลชุดเดียวกันอย่างเป็นระบบ ช่วยติดตามสถานะ ความคืบหน้า และประเด็นสำคัญได้แบบ Real-time เพื่อสนับสนุนการทำงานร่วมกัน ลดการใช้ Excel,Google sheet เพิ่มความถูกต้องและความสะดวกในการทำงาน",tharab@sena.co.th,"พัฒนาระบบสำหรับ Tracking โดยเริ่มตั้งแต่การจองไปจนถึงโอน","",TODO,MEDIUM,tharab@sena.co.th,2026-03-31,
"30-Day Execution Tracking วงจรประสิทธิภาพ 30 วัน","พัฒนาระบบ IT เพื่อรองรับการดำเนินงานตามวงจรประสิทธิภาพ 30 วัน ที่เชื่อมโยงกระบวนการทำงานตั้งแต่การจองบ้านไปจนถึงการโอนกรรมสิทธิ์แบบ End-to-End รวมข้อมูลและ Workflow จากหลายฝ่ายงานให้ทำงานบนข้อมูลชุดเดียวกันอย่างเป็นระบบ ช่วยติดตามสถานะ ความคืบหน้า และประเด็นสำคัญได้แบบ Real-time เพื่อสนับสนุนการทำงานร่วมกัน ลดการใช้ Excel,Google sheet เพิ่มความถูกต้องและความสะดวกในการทำงาน",tharab@sena.co.th,"เชื่อมโยงข้อมูลกับระบบต้นทางที่ User ทำงานทั้งหมด คือ REM,REM RentNex, REM LivNex, FastInspect, SiteMaps, Sale-Kit","",TODO,MEDIUM,tharab@sena.co.th,2026-03-31,
"30-Day Execution Tracking วงจรประสิทธิภาพ 30 วัน","พัฒนาระบบ IT เพื่อรองรับการดำเนินงานตามวงจรประสิทธิภาพ 30 วัน ที่เชื่อมโยงกระบวนการทำงานตั้งแต่การจองบ้านไปจนถึงการโอนกรรมสิทธิ์แบบ End-to-End รวมข้อมูลและ Workflow จากหลายฝ่ายงานให้ทำงานบนข้อมูลชุดเดียวกันอย่างเป็นระบบ ช่วยติดตามสถานะ ความคืบหน้า และประเด็นสำคัญได้แบบ Real-time เพื่อสนับสนุนการทำงานร่วมกัน ลดการใช้ Excel,Google sheet เพิ่มความถูกต้องและความสะดวกในการทำงาน",tharab@sena.co.th,"พัฒนา Module เฉพาะสำหรับบางหน่วยงานที่ไม่ได้มีระบบงานให้สามารถ Update สถานะที่เกี่ยวข้องกับวงจรประสิทธิภาพ 30 วันได้","",TODO,MEDIUM,tharab@sena.co.th,2026-03-31,
"Digital Customer Journey ด้วย SENA360 และ RentNex App","SENA 360 App – แอปสำหรับกระบวนการขายบ้านก่อนโอน รองรับทุกขั้นตอนสำคัญ เช่น Pre-Approve, Bank Approve, Booking, Contract, Inspection, Transfer และ Welcome Box โดยให้ลูกค้าสามารถติดตามสถานะ ส่งข้อมูลสินเชื่อ และอัปโหลดเอกสารต่าง ๆ ผ่านแอปได้ครบถ้วน โดยมี Concept 4 Piillar PILLAR 1: SEAMLESS CUSTOMER JOURNEY ปรับปรุง End-to-End Experience ให้ราบรื่น PILLAR 2: PROCESS AUTOMATION & INTEGRATION เชื่อมโยงระบบและ Automate กระบวนการที่ดำเนินการของบริษัทให้รวดเร็วและถูกต้อง PILLAR 3: NEW BUSINESS MODEL ENABLEMENT รองรับโมเดลธุรกิจใหม่ (LivNex, , BuyNowPayLater) เพื่อรองรับและขยาย Revunue Stream ใหม่ PILLAR 4: DATA-DRIVEN INSIGHT & ENGAGEMENT สร้าง Engagement และใช้ Data เพื่อตัดสินใจ",tharab@sena.co.th,"TOR , จัดซื้อจัดจ้าง","ได้ Vendor พัฒนา Sena 360. และ เริ่มพัฒนา",TODO,MEDIUM,tharab@sena.co.th,2026-03-31,
"Digital Customer Journey ด้วย SENA360 และ RentNex App","SENA 360 App – แอปสำหรับกระบวนการขายบ้านก่อนโอน รองรับทุกขั้นตอนสำคัญ เช่น Pre-Approve, Bank Approve, Booking, Contract, Inspection, Transfer และ Welcome Box โดยให้ลูกค้าสามารถติดตามสถานะ ส่งข้อมูลสินเชื่อ และอัปโหลดเอกสารต่าง ๆ ผ่านแอปได้ครบถ้วน โดยมี Concept 4 Piillar PILLAR 1: SEAMLESS CUSTOMER JOURNEY ปรับปรุง End-to-End Experience ให้ราบรื่น PILLAR 2: PROCESS AUTOMATION & INTEGRATION เชื่อมโยงระบบและ Automate กระบวนการที่ดำเนินการของบริษัทให้รวดเร็วและถูกต้อง PILLAR 3: NEW BUSINESS MODEL ENABLEMENT รองรับโมเดลธุรกิจใหม่ (LivNex, , BuyNowPayLater) เพื่อรองรับและขยาย Revunue Stream ใหม่ PILLAR 4: DATA-DRIVEN INSIGHT & ENGAGEMENT สร้าง Engagement และใช้ Data เพื่อตัดสินใจ",tharab@sena.co.th,"พัฒนาให้รองรับ LIVNEX Journey","เริ่มดำเนินการและมีSprint Report ของงาน",TODO,MEDIUM,tharab@sena.co.th,2026-03-31,
"Digital Customer Journey ด้วย SENA360 และ RentNex App","SENA 360 App – แอปสำหรับกระบวนการขายบ้านก่อนโอน รองรับทุกขั้นตอนสำคัญ เช่น Pre-Approve, Bank Approve, Booking, Contract, Inspection, Transfer และ Welcome Box โดยให้ลูกค้าสามารถติดตามสถานะ ส่งข้อมูลสินเชื่อ และอัปโหลดเอกสารต่าง ๆ ผ่านแอปได้ครบถ้วน โดยมี Concept 4 Piillar PILLAR 1: SEAMLESS CUSTOMER JOURNEY ปรับปรุง End-to-End Experience ให้ราบรื่น PILLAR 2: PROCESS AUTOMATION & INTEGRATION เชื่อมโยงระบบและ Automate กระบวนการที่ดำเนินการของบริษัทให้รวดเร็วและถูกต้อง PILLAR 3: NEW BUSINESS MODEL ENABLEMENT รองรับโมเดลธุรกิจใหม่ (LivNex, , BuyNowPayLater) เพื่อรองรับและขยาย Revunue Stream ใหม่ PILLAR 4: DATA-DRIVEN INSIGHT & ENGAGEMENT สร้าง Engagement และใช้ Data เพื่อตัดสินใจ",tharab@sena.co.th,"พัฒนา API ของระบบภายใน เพื่อเชื่อมโยงกับ ระบบ LIVNEX Application ระบบ REM ระบบ Fastinspect","API Gateway เพื่อรวบรวมการเชื่อมต่อกับระบบงานต่างๆ",TODO,MEDIUM,tharab@sena.co.th,2026-03-31,
"Digital Customer Journey ด้วย SENA360 และ RentNex App","SENA 360 App – แอปสำหรับกระบวนการขายบ้านก่อนโอน รองรับทุกขั้นตอนสำคัญ เช่น Pre-Approve, Bank Approve, Booking, Contract, Inspection, Transfer และ Welcome Box โดยให้ลูกค้าสามารถติดตามสถานะ ส่งข้อมูลสินเชื่อ และอัปโหลดเอกสารต่าง ๆ ผ่านแอปได้ครบถ้วน โดยมี Concept 4 Piillar PILLAR 1: SEAMLESS CUSTOMER JOURNEY ปรับปรุง End-to-End Experience ให้ราบรื่น PILLAR 2: PROCESS AUTOMATION & INTEGRATION เชื่อมโยงระบบและ Automate กระบวนการที่ดำเนินการของบริษัทให้รวดเร็วและถูกต้อง PILLAR 3: NEW BUSINESS MODEL ENABLEMENT รองรับโมเดลธุรกิจใหม่ (LivNex, , BuyNowPayLater) เพื่อรองรับและขยาย Revunue Stream ใหม่ PILLAR 4: DATA-DRIVEN INSIGHT & ENGAGEMENT สร้าง Engagement และใช้ Data เพื่อตัดสินใจ",tharab@sena.co.th,"เชื่อมโยงกับผู้ให้บริการภายนอก ServicePayment gatewary (ธนาคาร , 2C2P)","APP 360 สามารถเชื่อมต่อกับการชำระเงินได้ทุกช่องทาง",TODO,MEDIUM,tharab@sena.co.th,2026-03-31,
"Digital Customer Journey ด้วย SENA360 และ RentNex App","SENA 360 App – แอปสำหรับกระบวนการขายบ้านก่อนโอน รองรับทุกขั้นตอนสำคัญ เช่น Pre-Approve, Bank Approve, Booking, Contract, Inspection, Transfer และ Welcome Box โดยให้ลูกค้าสามารถติดตามสถานะ ส่งข้อมูลสินเชื่อ และอัปโหลดเอกสารต่าง ๆ ผ่านแอปได้ครบถ้วน โดยมี Concept 4 Piillar PILLAR 1: SEAMLESS CUSTOMER JOURNEY ปรับปรุง End-to-End Experience ให้ราบรื่น PILLAR 2: PROCESS AUTOMATION & INTEGRATION เชื่อมโยงระบบและ Automate กระบวนการที่ดำเนินการของบริษัทให้รวดเร็วและถูกต้อง PILLAR 3: NEW BUSINESS MODEL ENABLEMENT รองรับโมเดลธุรกิจใหม่ (LivNex, , BuyNowPayLater) เพื่อรองรับและขยาย Revunue Stream ใหม่ PILLAR 4: DATA-DRIVEN INSIGHT & ENGAGEMENT สร้าง Engagement และใช้ Data เพื่อตัดสินใจ",tharab@sena.co.th,"Golive & Support","APP 360 Revamp Version สามารถใช้งานได้",TODO,MEDIUM,tharab@sena.co.th,2026-09-30,
"Digital Customer Journey ด้วย SENA360 และ RentNex App","SENA 360 App – แอปสำหรับกระบวนการขายบ้านก่อนโอน รองรับทุกขั้นตอนสำคัญ เช่น Pre-Approve, Bank Approve, Booking, Contract, Inspection, Transfer และ Welcome Box โดยให้ลูกค้าสามารถติดตามสถานะ ส่งข้อมูลสินเชื่อ และอัปโหลดเอกสารต่าง ๆ ผ่านแอปได้ครบถ้วน โดยมี Concept 4 Piillar PILLAR 1: SEAMLESS CUSTOMER JOURNEY ปรับปรุง End-to-End Experience ให้ราบรื่น PILLAR 2: PROCESS AUTOMATION & INTEGRATION เชื่อมโยงระบบและ Automate กระบวนการที่ดำเนินการของบริษัทให้รวดเร็วและถูกต้อง PILLAR 3: NEW BUSINESS MODEL ENABLEMENT รองรับโมเดลธุรกิจใหม่ (LivNex, , BuyNowPayLater) เพื่อรองรับและขยาย Revunue Stream ใหม่ PILLAR 4: DATA-DRIVEN INSIGHT & ENGAGEMENT สร้าง Engagement และใช้ Data เพื่อตัดสินใจ",tharab@sena.co.th,"DashBoard & Analytic เชื่อมต่อ BigData SENA","ข้อมูลของระบบงาน สามารถเชื่อมต่อ Big Data ของบริษัท และนำมาวิเคราะห์ได้",TODO,MEDIUM,tharab@sena.co.th,2026-03-31,
"Digital Customer Journey ด้วย SENA360 และ RentNex App","SENA 360 App – แอปสำหรับกระบวนการขายบ้านก่อนโอน รองรับทุกขั้นตอนสำคัญ เช่น Pre-Approve, Bank Approve, Booking, Contract, Inspection, Transfer และ Welcome Box โดยให้ลูกค้าสามารถติดตามสถานะ ส่งข้อมูลสินเชื่อ และอัปโหลดเอกสารต่าง ๆ ผ่านแอปได้ครบถ้วน โดยมี Concept 4 Piillar PILLAR 1: SEAMLESS CUSTOMER JOURNEY ปรับปรุง End-to-End Experience ให้ราบรื่น PILLAR 2: PROCESS AUTOMATION & INTEGRATION เชื่อมโยงระบบและ Automate กระบวนการที่ดำเนินการของบริษัทให้รวดเร็วและถูกต้อง PILLAR 3: NEW BUSINESS MODEL ENABLEMENT รองรับโมเดลธุรกิจใหม่ (LivNex, , BuyNowPayLater) เพื่อรองรับและขยาย Revunue Stream ใหม่ PILLAR 4: DATA-DRIVEN INSIGHT & ENGAGEMENT สร้าง Engagement และใช้ Data เพื่อตัดสินใจ",tharab@sena.co.th,"จัดทำ Application Scope & Requirement เพื่อใช้ในการทำ TOR จัดจ้าง Vendor ผู้พัฒนา App","ได้ Vendor พัฒนา SENA RentNex และ เริ่มพัฒนา",TODO,MEDIUM,tharab@sena.co.th,2026-03-31,
"Digital Customer Journey ด้วย SENA360 และ RentNex App","SENA 360 App – แอปสำหรับกระบวนการขายบ้านก่อนโอน รองรับทุกขั้นตอนสำคัญ เช่น Pre-Approve, Bank Approve, Booking, Contract, Inspection, Transfer และ Welcome Box โดยให้ลูกค้าสามารถติดตามสถานะ ส่งข้อมูลสินเชื่อ และอัปโหลดเอกสารต่าง ๆ ผ่านแอปได้ครบถ้วน โดยมี Concept 4 Piillar PILLAR 1: SEAMLESS CUSTOMER JOURNEY ปรับปรุง End-to-End Experience ให้ราบรื่น PILLAR 2: PROCESS AUTOMATION & INTEGRATION เชื่อมโยงระบบและ Automate กระบวนการที่ดำเนินการของบริษัทให้รวดเร็วและถูกต้อง PILLAR 3: NEW BUSINESS MODEL ENABLEMENT รองรับโมเดลธุรกิจใหม่ (LivNex, , BuyNowPayLater) เพื่อรองรับและขยาย Revunue Stream ใหม่ PILLAR 4: DATA-DRIVEN INSIGHT & ENGAGEMENT สร้าง Engagement และใช้ Data เพื่อตัดสินใจ",tharab@sena.co.th,"Design Work Flow UX/UI ฐานข้อมูล","โครงสร้างและหน้าตาเมนู และ Flow การใช้งานแต่ละเมนูของระบบ Rentnex",TODO,MEDIUM,tharab@sena.co.th,2026-03-31,
"Digital Customer Journey ด้วย SENA360 และ RentNex App","SENA 360 App – แอปสำหรับกระบวนการขายบ้านก่อนโอน รองรับทุกขั้นตอนสำคัญ เช่น Pre-Approve, Bank Approve, Booking, Contract, Inspection, Transfer และ Welcome Box โดยให้ลูกค้าสามารถติดตามสถานะ ส่งข้อมูลสินเชื่อ และอัปโหลดเอกสารต่าง ๆ ผ่านแอปได้ครบถ้วน โดยมี Concept 4 Piillar PILLAR 1: SEAMLESS CUSTOMER JOURNEY ปรับปรุง End-to-End Experience ให้ราบรื่น PILLAR 2: PROCESS AUTOMATION & INTEGRATION เชื่อมโยงระบบและ Automate กระบวนการที่ดำเนินการของบริษัทให้รวดเร็วและถูกต้อง PILLAR 3: NEW BUSINESS MODEL ENABLEMENT รองรับโมเดลธุรกิจใหม่ (LivNex, , BuyNowPayLater) เพื่อรองรับและขยาย Revunue Stream ใหม่ PILLAR 4: DATA-DRIVEN INSIGHT & ENGAGEMENT สร้าง Engagement และใช้ Data เพื่อตัดสินใจ",tharab@sena.co.th,"Backoffice / การเชื่อมต่อระบบ SENA ERP / REM /Fastinspec การแสดง SIte Map ห้อง RentNex AI Matching ผู้เช่า - นักลงทุน","ได้ระบบจัดการ Backoffice ที่ สามารถ Config เงื่อนไขของRentnex ให้กับผู้เช่าได้",TODO,MEDIUM,tharab@sena.co.th,2026-03-31,
"Digital Customer Journey ด้วย SENA360 และ RentNex App","SENA 360 App – แอปสำหรับกระบวนการขายบ้านก่อนโอน รองรับทุกขั้นตอนสำคัญ เช่น Pre-Approve, Bank Approve, Booking, Contract, Inspection, Transfer และ Welcome Box โดยให้ลูกค้าสามารถติดตามสถานะ ส่งข้อมูลสินเชื่อ และอัปโหลดเอกสารต่าง ๆ ผ่านแอปได้ครบถ้วน โดยมี Concept 4 Piillar PILLAR 1: SEAMLESS CUSTOMER JOURNEY ปรับปรุง End-to-End Experience ให้ราบรื่น PILLAR 2: PROCESS AUTOMATION & INTEGRATION เชื่อมโยงระบบและ Automate กระบวนการที่ดำเนินการของบริษัทให้รวดเร็วและถูกต้อง PILLAR 3: NEW BUSINESS MODEL ENABLEMENT รองรับโมเดลธุรกิจใหม่ (LivNex, , BuyNowPayLater) เพื่อรองรับและขยาย Revunue Stream ใหม่ PILLAR 4: DATA-DRIVEN INSIGHT & ENGAGEMENT สร้าง Engagement และใช้ Data เพื่อตัดสินใจ",tharab@sena.co.th,"เชื่อมต่อกับ Application ของ 3rd Party / SENA Payment Gateway ธนาคาร /บริษัท บัตรเครดิต SENA360 SENPROP SMARTIFYHOME","APP Rentnex สามารถเชื่อมต่อกับApplication SENA & SEN X การชำระเงินได้ทุกช่องทาง",TODO,MEDIUM,tharab@sena.co.th,2026-03-31,
"Digital Customer Journey ด้วย SENA360 และ RentNex App","SENA 360 App – แอปสำหรับกระบวนการขายบ้านก่อนโอน รองรับทุกขั้นตอนสำคัญ เช่น Pre-Approve, Bank Approve, Booking, Contract, Inspection, Transfer และ Welcome Box โดยให้ลูกค้าสามารถติดตามสถานะ ส่งข้อมูลสินเชื่อ และอัปโหลดเอกสารต่าง ๆ ผ่านแอปได้ครบถ้วน โดยมี Concept 4 Piillar PILLAR 1: SEAMLESS CUSTOMER JOURNEY ปรับปรุง End-to-End Experience ให้ราบรื่น PILLAR 2: PROCESS AUTOMATION & INTEGRATION เชื่อมโยงระบบและ Automate กระบวนการที่ดำเนินการของบริษัทให้รวดเร็วและถูกต้อง PILLAR 3: NEW BUSINESS MODEL ENABLEMENT รองรับโมเดลธุรกิจใหม่ (LivNex, , BuyNowPayLater) เพื่อรองรับและขยาย Revunue Stream ใหม่ PILLAR 4: DATA-DRIVEN INSIGHT & ENGAGEMENT สร้าง Engagement และใช้ Data เพื่อตัดสินใจ",tharab@sena.co.th,"Golive & Support","APP RENTNEX สามารถใช้งานได้",TODO,MEDIUM,tharab@sena.co.th,2026-12-31,
"Digital Customer Journey ด้วย SENA360 และ RentNex App","SENA 360 App – แอปสำหรับกระบวนการขายบ้านก่อนโอน รองรับทุกขั้นตอนสำคัญ เช่น Pre-Approve, Bank Approve, Booking, Contract, Inspection, Transfer และ Welcome Box โดยให้ลูกค้าสามารถติดตามสถานะ ส่งข้อมูลสินเชื่อ และอัปโหลดเอกสารต่าง ๆ ผ่านแอปได้ครบถ้วน โดยมี Concept 4 Piillar PILLAR 1: SEAMLESS CUSTOMER JOURNEY ปรับปรุง End-to-End Experience ให้ราบรื่น PILLAR 2: PROCESS AUTOMATION & INTEGRATION เชื่อมโยงระบบและ Automate กระบวนการที่ดำเนินการของบริษัทให้รวดเร็วและถูกต้อง PILLAR 3: NEW BUSINESS MODEL ENABLEMENT รองรับโมเดลธุรกิจใหม่ (LivNex, , BuyNowPayLater) เพื่อรองรับและขยาย Revunue Stream ใหม่ PILLAR 4: DATA-DRIVEN INSIGHT & ENGAGEMENT สร้าง Engagement และใช้ Data เพื่อตัดสินใจ",tharab@sena.co.th,"ระบบวิเคราะห์ข้อมูลและรายงาน (BI & AI Analytic) Big Data SENA Dashboard AI Analytic System ประเมินพฤติกรรม เช่น การย้ายออกของผู้เช่า หรือห้องที่เสี่ยงว่าง","ข้อมูลของระบบงาน สามารถเชื่อมต่อ Big Data ของบริษัท และนำมาวิเคราะห์ได้",TODO,MEDIUM,tharab@sena.co.th,2026-12-31,
"Digital Customer Journey ด้วย SENA360 และ RentNex App","SENA 360 App – แอปสำหรับกระบวนการขายบ้านก่อนโอน รองรับทุกขั้นตอนสำคัญ เช่น Pre-Approve, Bank Approve, Booking, Contract, Inspection, Transfer และ Welcome Box โดยให้ลูกค้าสามารถติดตามสถานะ ส่งข้อมูลสินเชื่อ และอัปโหลดเอกสารต่าง ๆ ผ่านแอปได้ครบถ้วน โดยมี Concept 4 Piillar PILLAR 1: SEAMLESS CUSTOMER JOURNEY ปรับปรุง End-to-End Experience ให้ราบรื่น PILLAR 2: PROCESS AUTOMATION & INTEGRATION เชื่อมโยงระบบและ Automate กระบวนการที่ดำเนินการของบริษัทให้รวดเร็วและถูกต้อง PILLAR 3: NEW BUSINESS MODEL ENABLEMENT รองรับโมเดลธุรกิจใหม่ (LivNex, , BuyNowPayLater) เพื่อรองรับและขยาย Revunue Stream ใหม่ PILLAR 4: DATA-DRIVEN INSIGHT & ENGAGEMENT สร้าง Engagement และใช้ Data เพื่อตัดสินใจ",tharab@sena.co.th,"ระบบ API Single Gateway - ควบคุมที่ Portal เดียว - สร้างค่ากำหนดมาตรฐาน หากต้องการมีระบบอื่นมาInterface ต้องทำตาม Spec ของแต่ละชุดระบบเท่านั้น","ระบบ ควบคุม API และ กำหนดค่าเชื่อมต่อมาตรฐาน สามารถใช้งานได้",TODO,MEDIUM,tharab@sena.co.th,2026-06-30,
"Single Source of Truth & Data Governance ข้อมูลกลางขององค์กรที่ทุกฝ่ายใช้งานตรงกันและควบคุมได้","1) รวบรวมข้อมูลยูนิตทุกสถานะ (Available, Hold, Booked, Contract, Transfer, Cancel) ให้เป็น “Single Source of Truth” รวมราคาขาย, ส่วนลด, Promotion, Inventory, Stock Movement ให้เป็นระบบเดียว เพื่อให้ทีมขาย–การตลาด–บัญชีใช้งานข้อมูลเดียวกัน ลดความผิดพลาดและใช้ประกอบการตัดสินใจได้ทันที 2) ออกแบบและพัฒนาระบบบริหารจัดการข้อมูลแบบศูนย์กลาง (Single Source of Truth) โดยให้ข้อมูลมีแหล่งกำเนิดเพียงจุดเดียว และกระจายไปยังทุกระบบงานขององค์กรอย่างเป็นมาตรฐาน เพื่อเพิ่มความถูกต้องของข้อมูล ลดความซ้ำซ้อน และลดภาระการทำงานของผู้ใช้ในทุกส่วนงานอย่างมีประสิทธิภาพ 3) จัดทำ Data Policy โดยกำหนด Data Owner ให้ชัดเจน รวมถึงกำหนดกรอบการใช้ข้อมูลและกระบวนการอนุมัติก่อนนำไปใช้งาน ประกาศใช้อย่างเป็นทางการเพื่อให้ทุกหน่วยงานปฏิบัติตามระเบียบเดียวกัน และรักษามาตรฐานข้อมูลขององค์กร""",tharab@sena.co.th,"Product Single View ใช้ในการรวมข้อมูลสินค้า/ยูนิตจากทุกระบบให้เป็นข้อมูลกลางชุดเดียว เช่น สถานะยูนิต ราคา โปรโมชั่น ต้นทุน ความคืบหน้างานก่อสร้าง และข้อมูลบริการหลังการขาย เมื่อข้อมูลทั้งหมดถูกรวมอยู่ในที่เดียว ทุกฝ่าย—ขาย การตลาด โครงการ การเงิน และบริการ—จะเห็นสถานะจริงแบบ Real-time ลดงาน Excel ลดความผิดพลาด และทำงานสอดคล้องกันมากขึ้น ผู้บริหารสามารถดูภาพรวมทั้ง Portfolio เพื่อวางกลยุทธ์ด้านราคา–สต๊อก–การเปิดโครงการได้อย่างแม่นยำ","….................................",TODO,MEDIUM,tharab@sena.co.th,2026-12-31,
"Single Source of Truth & Data Governance ข้อมูลกลางขององค์กรที่ทุกฝ่ายใช้งานตรงกันและควบคุมได้","1) รวบรวมข้อมูลยูนิตทุกสถานะ (Available, Hold, Booked, Contract, Transfer, Cancel) ให้เป็น “Single Source of Truth” รวมราคาขาย, ส่วนลด, Promotion, Inventory, Stock Movement ให้เป็นระบบเดียว เพื่อให้ทีมขาย–การตลาด–บัญชีใช้งานข้อมูลเดียวกัน ลดความผิดพลาดและใช้ประกอบการตัดสินใจได้ทันที 2) ออกแบบและพัฒนาระบบบริหารจัดการข้อมูลแบบศูนย์กลาง (Single Source of Truth) โดยให้ข้อมูลมีแหล่งกำเนิดเพียงจุดเดียว และกระจายไปยังทุกระบบงานขององค์กรอย่างเป็นมาตรฐาน เพื่อเพิ่มความถูกต้องของข้อมูล ลดความซ้ำซ้อน และลดภาระการทำงานของผู้ใช้ในทุกส่วนงานอย่างมีประสิทธิภาพ 3) จัดทำ Data Policy โดยกำหนด Data Owner ให้ชัดเจน รวมถึงกำหนดกรอบการใช้ข้อมูลและกระบวนการอนุมัติก่อนนำไปใช้งาน ประกาศใช้อย่างเป็นทางการเพื่อให้ทุกหน่วยงานปฏิบัติตามระเบียบเดียวกัน และรักษามาตรฐานข้อมูลขององค์กร""",tharab@sena.co.th,"System Integration ทุกระบบภายใน เช่น POJJAMAN, SiteMaps, REM, RemLivNex, RemRentNex, SaleKit, Lead Follow-up System และ SENA Application Platform ให้เชื่อมโยงให้ใช้ข้อมูลชุดเดียวกัน ไม่ต้องทำการ Re-Key ข้อมูลเดิมซ้ำบนระบบอื่นๆ และลดการทำงานบน Excel","",TODO,MEDIUM,tharab@sena.co.th,2026-12-31,
"Single Source of Truth & Data Governance ข้อมูลกลางขององค์กรที่ทุกฝ่ายใช้งานตรงกันและควบคุมได้","1) รวบรวมข้อมูลยูนิตทุกสถานะ (Available, Hold, Booked, Contract, Transfer, Cancel) ให้เป็น “Single Source of Truth” รวมราคาขาย, ส่วนลด, Promotion, Inventory, Stock Movement ให้เป็นระบบเดียว เพื่อให้ทีมขาย–การตลาด–บัญชีใช้งานข้อมูลเดียวกัน ลดความผิดพลาดและใช้ประกอบการตัดสินใจได้ทันที 2) ออกแบบและพัฒนาระบบบริหารจัดการข้อมูลแบบศูนย์กลาง (Single Source of Truth) โดยให้ข้อมูลมีแหล่งกำเนิดเพียงจุดเดียว และกระจายไปยังทุกระบบงานขององค์กรอย่างเป็นมาตรฐาน เพื่อเพิ่มความถูกต้องของข้อมูล ลดความซ้ำซ้อน และลดภาระการทำงานของผู้ใช้ในทุกส่วนงานอย่างมีประสิทธิภาพ 3) จัดทำ Data Policy โดยกำหนด Data Owner ให้ชัดเจน รวมถึงกำหนดกรอบการใช้ข้อมูลและกระบวนการอนุมัติก่อนนำไปใช้งาน ประกาศใช้อย่างเป็นทางการเพื่อให้ทุกหน่วยงานปฏิบัติตามระเบียบเดียวกัน และรักษามาตรฐานข้อมูลขององค์กร""",tharab@sena.co.th,"รวบรวมข้อมูลที่เกิดขึ้นทั้งหมดภายในบริษัท และ กำหนด Data Owner หรือผู้รับผิดชอบช้อมูล","….................................",TODO,MEDIUM,tharab@sena.co.th,2026-12-31,
"Single Source of Truth & Data Governance ข้อมูลกลางขององค์กรที่ทุกฝ่ายใช้งานตรงกันและควบคุมได้","1) รวบรวมข้อมูลยูนิตทุกสถานะ (Available, Hold, Booked, Contract, Transfer, Cancel) ให้เป็น “Single Source of Truth” รวมราคาขาย, ส่วนลด, Promotion, Inventory, Stock Movement ให้เป็นระบบเดียว เพื่อให้ทีมขาย–การตลาด–บัญชีใช้งานข้อมูลเดียวกัน ลดความผิดพลาดและใช้ประกอบการตัดสินใจได้ทันที 2) ออกแบบและพัฒนาระบบบริหารจัดการข้อมูลแบบศูนย์กลาง (Single Source of Truth) โดยให้ข้อมูลมีแหล่งกำเนิดเพียงจุดเดียว และกระจายไปยังทุกระบบงานขององค์กรอย่างเป็นมาตรฐาน เพื่อเพิ่มความถูกต้องของข้อมูล ลดความซ้ำซ้อน และลดภาระการทำงานของผู้ใช้ในทุกส่วนงานอย่างมีประสิทธิภาพ 3) จัดทำ Data Policy โดยกำหนด Data Owner ให้ชัดเจน รวมถึงกำหนดกรอบการใช้ข้อมูลและกระบวนการอนุมัติก่อนนำไปใช้งาน ประกาศใช้อย่างเป็นทางการเพื่อให้ทุกหน่วยงานปฏิบัติตามระเบียบเดียวกัน และรักษามาตรฐานข้อมูลขององค์กร""",tharab@sena.co.th,"กำหนดวิธีการใช้งานและสิทธิ์ในการเข้าถึง ประกาศใช้งาน และติดตามผลอย่างจริงจัง","….................................",TODO,MEDIUM,tharab@sena.co.th,2026-12-31,
"Single Source of Truth & Data Governance ข้อมูลกลางขององค์กรที่ทุกฝ่ายใช้งานตรงกันและควบคุมได้","1) รวบรวมข้อมูลยูนิตทุกสถานะ (Available, Hold, Booked, Contract, Transfer, Cancel) ให้เป็น “Single Source of Truth” รวมราคาขาย, ส่วนลด, Promotion, Inventory, Stock Movement ให้เป็นระบบเดียว เพื่อให้ทีมขาย–การตลาด–บัญชีใช้งานข้อมูลเดียวกัน ลดความผิดพลาดและใช้ประกอบการตัดสินใจได้ทันที 2) ออกแบบและพัฒนาระบบบริหารจัดการข้อมูลแบบศูนย์กลาง (Single Source of Truth) โดยให้ข้อมูลมีแหล่งกำเนิดเพียงจุดเดียว และกระจายไปยังทุกระบบงานขององค์กรอย่างเป็นมาตรฐาน เพื่อเพิ่มความถูกต้องของข้อมูล ลดความซ้ำซ้อน และลดภาระการทำงานของผู้ใช้ในทุกส่วนงานอย่างมีประสิทธิภาพ 3) จัดทำ Data Policy โดยกำหนด Data Owner ให้ชัดเจน รวมถึงกำหนดกรอบการใช้ข้อมูลและกระบวนการอนุมัติก่อนนำไปใช้งาน ประกาศใช้อย่างเป็นทางการเพื่อให้ทุกหน่วยงานปฏิบัติตามระเบียบเดียวกัน และรักษามาตรฐานข้อมูลขององค์กร""",tharab@sena.co.th,"พัฒนาระบบให้รองรับการเข้าถึงข้อมูล เพื่อนำไปใช้งานตามสิทธิ์ และจะมีการกรองข้อมูลที่ไม่ผ่านการ Consent ออกโดยอัตโนมัติ","….................................",TODO,MEDIUM,tharab@sena.co.th,2026-12-31,
"Digital Construction Management","พัฒนาระบบบริหารโครงการก่อสร้างแบบดิจิทัล เพื่อรวบรวมข้อมูลหน้างาน แผนงาน ความคืบหน้า และคุณภาพงานให้ตรวจสอบได้ ผ่านระบบ ลดการใช้กระดาษในการทำงาน และรองรับการติดตามงานของฝ่ายก่อสร้าง ตามกระบวนการทำงานในวงจรประสิทธิภาพ 30 วัน",tharab@sena.co.th,"Sitemap V2 – รองรับการแสดงสถานะการขายทุกประเภทของบริษัท และใช้สำหรับวางแผนงานก่อสร้างได้ครบทุก Product","….................................",TODO,MEDIUM,tharab@sena.co.th,2026-03-31,
"Digital Construction Management","พัฒนาระบบบริหารโครงการก่อสร้างแบบดิจิทัล เพื่อรวบรวมข้อมูลหน้างาน แผนงาน ความคืบหน้า และคุณภาพงานให้ตรวจสอบได้ ผ่านระบบ ลดการใช้กระดาษในการทำงาน และรองรับการติดตามงานของฝ่ายก่อสร้าง ตามกระบวนการทำงานในวงจรประสิทธิภาพ 30 วัน",tharab@sena.co.th,"Sitemap V2 - รองรับการแสดง Progress งานก่อสร้างได้ทั้งมุมมองการจ่ายเงิน และ progress หน้างาน","",TODO,MEDIUM,tharab@sena.co.th,2026-03-31,
"Digital Construction Management","พัฒนาระบบบริหารโครงการก่อสร้างแบบดิจิทัล เพื่อรวบรวมข้อมูลหน้างาน แผนงาน ความคืบหน้า และคุณภาพงานให้ตรวจสอบได้ ผ่านระบบ ลดการใช้กระดาษในการทำงาน และรองรับการติดตามงานของฝ่ายก่อสร้าง ตามกระบวนการทำงานในวงจรประสิทธิภาพ 30 วัน",tharab@sena.co.th,"SitemapV2 - เชื่อมโยงข้อมูลจากทุกหน่วยงานที่เกี่ยวข้อง เช่น ฝ่ายจัดซื้อ จัดจ้าง บัญชีต้นทุน รวมถึงข้อมูลฝ่ายขายและสถานะการขายจาก LivNex และ RentNex เพื่อให้โฟกัสการทำงานได้อย่างแม่นยำ และเร่งโอนตามวงจรประสิทธิภาพ 30 วัน","….................................",TODO,MEDIUM,tharab@sena.co.th,2026-03-31,
"Digital Construction Management","พัฒนาระบบบริหารโครงการก่อสร้างแบบดิจิทัล เพื่อรวบรวมข้อมูลหน้างาน แผนงาน ความคืบหน้า และคุณภาพงานให้ตรวจสอบได้ ผ่านระบบ ลดการใช้กระดาษในการทำงาน และรองรับการติดตามงานของฝ่ายก่อสร้าง ตามกระบวนการทำงานในวงจรประสิทธิภาพ 30 วัน",tharab@sena.co.th,"SitemapV2 - เพิ่ม Features สำหรับ Project Tracking เกี่ยวกับสถานะการจัดหาผู้รับเหมา","….................................",TODO,MEDIUM,tharab@sena.co.th,2026-09-30,
"Digital Construction Management","พัฒนาระบบบริหารโครงการก่อสร้างแบบดิจิทัล เพื่อรวบรวมข้อมูลหน้างาน แผนงาน ความคืบหน้า และคุณภาพงานให้ตรวจสอบได้ ผ่านระบบ ลดการใช้กระดาษในการทำงาน และรองรับการติดตามงานของฝ่ายก่อสร้าง ตามกระบวนการทำงานในวงจรประสิทธิภาพ 30 วัน",tharab@sena.co.th,"SitemapV2 - Geo Check Management สำหรับให้ผู้รับเหมาดำเนินการก่อนนัดตรวจ End Product","….................................",TODO,MEDIUM,tharab@sena.co.th,2026-06-30,
"Digital Construction Management","พัฒนาระบบบริหารโครงการก่อสร้างแบบดิจิทัล เพื่อรวบรวมข้อมูลหน้างาน แผนงาน ความคืบหน้า และคุณภาพงานให้ตรวจสอบได้ ผ่านระบบ ลดการใช้กระดาษในการทำงาน และรองรับการติดตามงานของฝ่ายก่อสร้าง ตามกระบวนการทำงานในวงจรประสิทธิภาพ 30 วัน",tharab@sena.co.th,"พัฒนาระบบ CMS เพิ่มเติมสำหรับการบริหารจัดการ Stock วัสดุก่อสร้าง","….................................",TODO,MEDIUM,tharab@sena.co.th,2026-06-30,
"Digital Construction Management","พัฒนาระบบบริหารโครงการก่อสร้างแบบดิจิทัล เพื่อรวบรวมข้อมูลหน้างาน แผนงาน ความคืบหน้า และคุณภาพงานให้ตรวจสอบได้ ผ่านระบบ ลดการใช้กระดาษในการทำงาน และรองรับการติดตามงานของฝ่ายก่อสร้าง ตามกระบวนการทำงานในวงจรประสิทธิภาพ 30 วัน",tharab@sena.co.th,"นำ AI มาวิเคราะห์และสรุปความคืบหน้า รวมถึงประเด็นปัญหาและความเสี่ยงของงานก่อสร้าง เพื่อสนับสนุนการบริหารโครงการอย่างมีประสิทธิภาพ","….................................",TODO,MEDIUM,tharab@sena.co.th,2026-12-31,
"Digital Construction Management","พัฒนาระบบบริหารโครงการก่อสร้างแบบดิจิทัล เพื่อรวบรวมข้อมูลหน้างาน แผนงาน ความคืบหน้า และคุณภาพงานให้ตรวจสอบได้ ผ่านระบบ ลดการใช้กระดาษในการทำงาน และรองรับการติดตามงานของฝ่ายก่อสร้าง ตามกระบวนการทำงานในวงจรประสิทธิภาพ 30 วัน",tharab@sena.co.th,"Design Tracking / Design Checlist","….................................",TODO,MEDIUM,tharab@sena.co.th,2026-06-30,
"Operation Excellence (Automation & AI) ลดงาน manual และตั้งมาตรฐานการทำงานใหม่ด้วย Automation และ AI","นำ AI และระบบอัตโนมัติมาช่วยลดงานซ้ำซ้อนภายในองค์กร เช่น งานบันทึกข้อมูลเข้าสู่ ERP (POJJAMAN), การลดการใช้ Excel ด้วย Workflow ดิจิทัล, และการตรวจสอบความถูกต้องของเอกสาร",tharab@sena.co.th,"SENA Automation Process by AI","….................................",TODO,MEDIUM,tharab@sena.co.th,2026-03-31,
"Operation Excellence (Automation & AI) ลดงาน manual และตั้งมาตรฐานการทำงานใหม่ด้วย Automation และ AI","นำ AI และระบบอัตโนมัติมาช่วยลดงานซ้ำซ้อนภายในองค์กร เช่น งานบันทึกข้อมูลเข้าสู่ ERP (POJJAMAN), การลดการใช้ Excel ด้วย Workflow ดิจิทัล, และการตรวจสอบความถูกต้องของเอกสาร",tharab@sena.co.th,"ระบบตรวจสอบสัญญาอัตโนมัติด้วย AI","….................................",TODO,MEDIUM,tharab@sena.co.th,2026-09-30,
"Operation Excellence (Automation & AI) ลดงาน manual และตั้งมาตรฐานการทำงานใหม่ด้วย Automation และ AI","นำ AI และระบบอัตโนมัติมาช่วยลดงานซ้ำซ้อนภายในองค์กร เช่น งานบันทึกข้อมูลเข้าสู่ ERP (POJJAMAN), การลดการใช้ Excel ด้วย Workflow ดิจิทัล, และการตรวจสอบความถูกต้องของเอกสาร",tharab@sena.co.th,"Pricing Management สำรหับบริหารจัดการข้อมูลราคาขายและการอนุมัติราคาขายอย่างเป็นระบบ","….................................",TODO,MEDIUM,tharab@sena.co.th,2026-09-30,
"Operation Excellence (Automation & AI) ลดงาน manual และตั้งมาตรฐานการทำงานใหม่ด้วย Automation และ AI","นำ AI และระบบอัตโนมัติมาช่วยลดงานซ้ำซ้อนภายในองค์กร เช่น งานบันทึกข้อมูลเข้าสู่ ERP (POJJAMAN), การลดการใช้ Excel ด้วย Workflow ดิจิทัล, และการตรวจสอบความถูกต้องของเอกสาร",tharab@sena.co.th,"Pricing Workflow","….................................",TODO,MEDIUM,tharab@sena.co.th,2026-09-30,
"Operation Excellence (Automation & AI) ลดงาน manual และตั้งมาตรฐานการทำงานใหม่ด้วย Automation และ AI","นำ AI และระบบอัตโนมัติมาช่วยลดงานซ้ำซ้อนภายในองค์กร เช่น งานบันทึกข้อมูลเข้าสู่ ERP (POJJAMAN), การลดการใช้ Excel ด้วย Workflow ดิจิทัล, และการตรวจสอบความถูกต้องของเอกสาร",tharab@sena.co.th,"Pricing Analyst Dashboard/AI","….................................",TODO,MEDIUM,tharab@sena.co.th,2026-09-30,
"Operation Excellence (Automation & AI) ลดงาน manual และตั้งมาตรฐานการทำงานใหม่ด้วย Automation และ AI","นำ AI และระบบอัตโนมัติมาช่วยลดงานซ้ำซ้อนภายในองค์กร เช่น งานบันทึกข้อมูลเข้าสู่ ERP (POJJAMAN), การลดการใช้ Excel ด้วย Workflow ดิจิทัล, และการตรวจสอบความถูกต้องของเอกสาร",tharab@sena.co.th,"E-Contract","….................................",TODO,MEDIUM,tharab@sena.co.th,2026-03-31,
"Operation Excellence (Automation & AI) ลดงาน manual และตั้งมาตรฐานการทำงานใหม่ด้วย Automation และ AI","นำ AI และระบบอัตโนมัติมาช่วยลดงานซ้ำซ้อนภายในองค์กร เช่น งานบันทึกข้อมูลเข้าสู่ ERP (POJJAMAN), การลดการใช้ Excel ด้วย Workflow ดิจิทัล, และการตรวจสอบความถูกต้องของเอกสาร",tharab@sena.co.th,"E-อากรแสตมป์","….................................",TODO,MEDIUM,tharab@sena.co.th,2026-06-30,
"Operation Excellence (Automation & AI) ลดงาน manual และตั้งมาตรฐานการทำงานใหม่ด้วย Automation และ AI","นำ AI และระบบอัตโนมัติมาช่วยลดงานซ้ำซ้อนภายในองค์กร เช่น งานบันทึกข้อมูลเข้าสู่ ERP (POJJAMAN), การลดการใช้ Excel ด้วย Workflow ดิจิทัล, และการตรวจสอบความถูกต้องของเอกสาร",tharab@sena.co.th,"Phase1 - พัฒนาระบบ Online Payment สำหรับทุกจุดที่ต้องรับชำระเงินจากลูกค้า ให้รองรับการชำระเงินทุกช่องทางที่บริษัทกำหนด","ได้ Vendor พัฒนา Sena 360. และ เริ่มพัฒนา",TODO,MEDIUM,tharab@sena.co.th,2026-06-30,
"Operation Excellence (Automation & AI) ลดงาน manual และตั้งมาตรฐานการทำงานใหม่ด้วย Automation และ AI","นำ AI และระบบอัตโนมัติมาช่วยลดงานซ้ำซ้อนภายในองค์กร เช่น งานบันทึกข้อมูลเข้าสู่ ERP (POJJAMAN), การลดการใช้ Excel ด้วย Workflow ดิจิทัล, และการตรวจสอบความถูกต้องของเอกสาร",tharab@sena.co.th,"Phase2 - พัฒนา SENA360 ให้รองรับ Cashless Journey และรับชำระเงินได้ทุกช่องทางที่บริษัทกำหนด","ได้ Vendor พัฒนา Sena 360. และ เริ่มพัฒนา",TODO,MEDIUM,tharab@sena.co.th,2026-06-30,
"Performance & Benefit KPI กลางแบบ Real-time และคอมมิชชั่น/อินเซนทีฟอัตโนมัติ","ระบบ KPI ส่วนกลางคือแพลตฟอร์มที่รวบรวมและเผยแพร่ตัวชี้วัดประสิทธิภาพหลักขององค์กร (KPI) จากส่วนกลางเพียงแหล่งเดียว เพื่อให้ทุกหน่วยงานใช้ข้อมูลชุดเดียวกันอย่างถูกต้องและสอดคล้องกันทั้งบริษัท ระบบนี้ช่วยให้ฝ่ายบริหารประกาศตัวเลข KPI เช่น ยอดขาย ผลการให้บริการ คุณภาพงาน โครงการ หรือคะแนนประเมินต่าง ๆ ให้ทุกทีมรับทราบในมาตรฐานเดียวกัน และใช้เป็นฐานในการปรับปรุงผลการทำงานของแต่ละหน่วยงาน",tharab@sena.co.th,"ระบบ KPI ส่วนกลาง","….................................",TODO,MEDIUM,tharab@sena.co.th,2026-06-30,
"Performance & Benefit KPI กลางแบบ Real-time และคอมมิชชั่น/อินเซนทีฟอัตโนมัติ","ระบบ KPI ส่วนกลางคือแพลตฟอร์มที่รวบรวมและเผยแพร่ตัวชี้วัดประสิทธิภาพหลักขององค์กร (KPI) จากส่วนกลางเพียงแหล่งเดียว เพื่อให้ทุกหน่วยงานใช้ข้อมูลชุดเดียวกันอย่างถูกต้องและสอดคล้องกันทั้งบริษัท ระบบนี้ช่วยให้ฝ่ายบริหารประกาศตัวเลข KPI เช่น ยอดขาย ผลการให้บริการ คุณภาพงาน โครงการ หรือคะแนนประเมินต่าง ๆ ให้ทุกทีมรับทราบในมาตรฐานเดียวกัน และใช้เป็นฐานในการปรับปรุงผลการทำงานของแต่ละหน่วยงาน",tharab@sena.co.th,"ระบบ Commission & Incentive","….................................",TODO,MEDIUM,tharab@sena.co.th,2026-03-31,
"Digital HR Enhancement ยกระดับระบบ HR เพื่อรองรับการทำงานของพนักงานในยุคดิจิทัลและการทำงานร่วมกับ AI","1) จัดหาหรือ Upgrade. ระบบ HR ใหม่ โดยระบบใหม่จะต้องแก้ Paintpoint ปัจจุบันของทีม HR ทั้งหมด ลด manual work 2) ระบบ HR ต้องเชื่อมโยงกับทุกระบบภายในองค์กรเพื่อให้ข้อมูลพนักงานถูกต้องและเป็นปัจจุบัน ลดการบันทึกข้อมูลซ้ำซ้อน และเพิ่มประสิทธิภาพการทำงานของทุกหน่วยงาน ข้อมูลที่อัปเดตจาก HR จะถูกส่งต่อไปยังระบบบัญชี การเงิน อาคาร สิทธิ์เข้าใช้งาน และระบบงานอื่น ๆ โดยอัตโนมัติ พร้อมทั้งกำหนดสิทธิ์การเข้าถึงข้อมูลตามสถานะและบทบาทของพนักงานในระบบ HR เพื่อให้การควบคุมการเข้าถึงเป็นมาตรฐานและปลอดภัยทั่วทั้งองค์กร 3) จัดการระบบช่วยในการสื่อสารระหว่าง HR และพนักงานโดยใช้ ESS และ HR Bot เป็นช่องทางหลัก พร้อมใช้ AI ช่วยแยกประเภทและบันทึกประเด็นปัญหาของพนักงานอย่างเป็นระบบ เพื่อให้ HR สามารถนำข้อมูลไปวิเคราะห์และปรับปรุงการให้บริการได้อย่างมีประสิทธิภาพ 4) Implement ระบบ Corporate OKR ร่วมกับหน่วยงาน PPR,HR",tharab@sena.co.th,"HRMS","จัดหาผู้พัฒนาระบบ/software /เริ่มใช้ Bot",TODO,MEDIUM,tharab@sena.co.th,2026-03-31,
"Digital HR Enhancement ยกระดับระบบ HR เพื่อรองรับการทำงานของพนักงานในยุคดิจิทัลและการทำงานร่วมกับ AI","1) จัดหาหรือ Upgrade. ระบบ HR ใหม่ โดยระบบใหม่จะต้องแก้ Paintpoint ปัจจุบันของทีม HR ทั้งหมด ลด manual work 2) ระบบ HR ต้องเชื่อมโยงกับทุกระบบภายในองค์กรเพื่อให้ข้อมูลพนักงานถูกต้องและเป็นปัจจุบัน ลดการบันทึกข้อมูลซ้ำซ้อน และเพิ่มประสิทธิภาพการทำงานของทุกหน่วยงาน ข้อมูลที่อัปเดตจาก HR จะถูกส่งต่อไปยังระบบบัญชี การเงิน อาคาร สิทธิ์เข้าใช้งาน และระบบงานอื่น ๆ โดยอัตโนมัติ พร้อมทั้งกำหนดสิทธิ์การเข้าถึงข้อมูลตามสถานะและบทบาทของพนักงานในระบบ HR เพื่อให้การควบคุมการเข้าถึงเป็นมาตรฐานและปลอดภัยทั่วทั้งองค์กร 3) จัดการระบบช่วยในการสื่อสารระหว่าง HR และพนักงานโดยใช้ ESS และ HR Bot เป็นช่องทางหลัก พร้อมใช้ AI ช่วยแยกประเภทและบันทึกประเด็นปัญหาของพนักงานอย่างเป็นระบบ เพื่อให้ HR สามารถนำข้อมูลไปวิเคราะห์และปรับปรุงการให้บริการได้อย่างมีประสิทธิภาพ 4) Implement ระบบ Corporate OKR ร่วมกับหน่วยงาน PPR,HR",tharab@sena.co.th,"HR-ESS","เริ่มพัฒนาระบบ HRMS",TODO,MEDIUM,tharab@sena.co.th,2026-03-31,
"Digital HR Enhancement ยกระดับระบบ HR เพื่อรองรับการทำงานของพนักงานในยุคดิจิทัลและการทำงานร่วมกับ AI","1) จัดหาหรือ Upgrade. ระบบ HR ใหม่ โดยระบบใหม่จะต้องแก้ Paintpoint ปัจจุบันของทีม HR ทั้งหมด ลด manual work 2) ระบบ HR ต้องเชื่อมโยงกับทุกระบบภายในองค์กรเพื่อให้ข้อมูลพนักงานถูกต้องและเป็นปัจจุบัน ลดการบันทึกข้อมูลซ้ำซ้อน และเพิ่มประสิทธิภาพการทำงานของทุกหน่วยงาน ข้อมูลที่อัปเดตจาก HR จะถูกส่งต่อไปยังระบบบัญชี การเงิน อาคาร สิทธิ์เข้าใช้งาน และระบบงานอื่น ๆ โดยอัตโนมัติ พร้อมทั้งกำหนดสิทธิ์การเข้าถึงข้อมูลตามสถานะและบทบาทของพนักงานในระบบ HR เพื่อให้การควบคุมการเข้าถึงเป็นมาตรฐานและปลอดภัยทั่วทั้งองค์กร 3) จัดการระบบช่วยในการสื่อสารระหว่าง HR และพนักงานโดยใช้ ESS และ HR Bot เป็นช่องทางหลัก พร้อมใช้ AI ช่วยแยกประเภทและบันทึกประเด็นปัญหาของพนักงานอย่างเป็นระบบ เพื่อให้ HR สามารถนำข้อมูลไปวิเคราะห์และปรับปรุงการให้บริการได้อย่างมีประสิทธิภาพ 4) Implement ระบบ Corporate OKR ร่วมกับหน่วยงาน PPR,HR",tharab@sena.co.th,"HR-Bot","เริ่มใช้งาน HRMS",TODO,MEDIUM,tharab@sena.co.th,2026-03-31,
"Digital HR Enhancement ยกระดับระบบ HR เพื่อรองรับการทำงานของพนักงานในยุคดิจิทัลและการทำงานร่วมกับ AI","1) จัดหาหรือ Upgrade. ระบบ HR ใหม่ โดยระบบใหม่จะต้องแก้ Paintpoint ปัจจุบันของทีม HR ทั้งหมด ลด manual work 2) ระบบ HR ต้องเชื่อมโยงกับทุกระบบภายในองค์กรเพื่อให้ข้อมูลพนักงานถูกต้องและเป็นปัจจุบัน ลดการบันทึกข้อมูลซ้ำซ้อน และเพิ่มประสิทธิภาพการทำงานของทุกหน่วยงาน ข้อมูลที่อัปเดตจาก HR จะถูกส่งต่อไปยังระบบบัญชี การเงิน อาคาร สิทธิ์เข้าใช้งาน และระบบงานอื่น ๆ โดยอัตโนมัติ พร้อมทั้งกำหนดสิทธิ์การเข้าถึงข้อมูลตามสถานะและบทบาทของพนักงานในระบบ HR เพื่อให้การควบคุมการเข้าถึงเป็นมาตรฐานและปลอดภัยทั่วทั้งองค์กร 3) จัดการระบบช่วยในการสื่อสารระหว่าง HR และพนักงานโดยใช้ ESS และ HR Bot เป็นช่องทางหลัก พร้อมใช้ AI ช่วยแยกประเภทและบันทึกประเด็นปัญหาของพนักงานอย่างเป็นระบบ เพื่อให้ HR สามารถนำข้อมูลไปวิเคราะห์และปรับปรุงการให้บริการได้อย่างมีประสิทธิภาพ 4) Implement ระบบ Corporate OKR ร่วมกับหน่วยงาน PPR,HR",tharab@sena.co.th,"Corporate OKR/KPI","ใช้งานเต็มระบบ",TODO,MEDIUM,tharab@sena.co.th,2026-06-30,
"Professional IT Support ยกระดับการให้บริการ IT Support ให้เป็นมาตรฐานระดับมืออาชีพ ด้วยกระบวนการทำงานและ SLA ที่ชัดเจน รวดเร็ว และติดตามได้ง่าย","ลดภาระงาน IT Support โดยตอบคำถามพื้นฐานและจัดการงานทั่วไปได้ทันที ทำให้การแก้ปัญหาเร็วขึ้นและผู้ใช้พึงพอใจมากขึ้น ขณะเดียวกันการตอบคำถามโดยอ้างอิงจาก Knowledge Base กลางช่วยให้การให้บริการเป็นมาตรฐานและลดความผิดพลาด พร้อมทั้งเก็บข้อมูลการใช้งานเพื่อนำไปวิเคราะห์ปรับปรุงระบบ IT ได้ตรงจุด และรองรับการเติบโตของบริษัทโดยไม่จำเป็นต้องเพิ่มทีมซัพพอร์ต",tharab@sena.co.th,"IT Suport-bot , ตอบคำถาม , reset password","….................................",TODO,MEDIUM,tharab@sena.co.th,2026-03-31,
"Professional IT Support ยกระดับการให้บริการ IT Support ให้เป็นมาตรฐานระดับมืออาชีพ ด้วยกระบวนการทำงานและ SLA ที่ชัดเจน รวดเร็ว และติดตามได้ง่าย","ลดภาระงาน IT Support โดยตอบคำถามพื้นฐานและจัดการงานทั่วไปได้ทันที ทำให้การแก้ปัญหาเร็วขึ้นและผู้ใช้พึงพอใจมากขึ้น ขณะเดียวกันการตอบคำถามโดยอ้างอิงจาก Knowledge Base กลางช่วยให้การให้บริการเป็นมาตรฐานและลดความผิดพลาด พร้อมทั้งเก็บข้อมูลการใช้งานเพื่อนำไปวิเคราะห์ปรับปรุงระบบ IT ได้ตรงจุด และรองรับการเติบโตของบริษัทโดยไม่จำเป็นต้องเพิ่มทีมซัพพอร์ต",tharab@sena.co.th,"Coding with AI","….................................",TODO,MEDIUM,tharab@sena.co.th,2026-03-31,
"Professional IT Support ยกระดับการให้บริการ IT Support ให้เป็นมาตรฐานระดับมืออาชีพ ด้วยกระบวนการทำงานและ SLA ที่ชัดเจน รวดเร็ว และติดตามได้ง่าย","ลดภาระงาน IT Support โดยตอบคำถามพื้นฐานและจัดการงานทั่วไปได้ทันที ทำให้การแก้ปัญหาเร็วขึ้นและผู้ใช้พึงพอใจมากขึ้น ขณะเดียวกันการตอบคำถามโดยอ้างอิงจาก Knowledge Base กลางช่วยให้การให้บริการเป็นมาตรฐานและลดความผิดพลาด พร้อมทั้งเก็บข้อมูลการใช้งานเพื่อนำไปวิเคราะห์ปรับปรุงระบบ IT ได้ตรงจุด และรองรับการเติบโตของบริษัทโดยไม่จำเป็นต้องเพิ่มทีมซัพพอร์ต",tharab@sena.co.th,"IT Service System","….................................",TODO,MEDIUM,tharab@sena.co.th,2026-03-31,
